{"cameraMode":{"drawMode":0,"name":"Shaded","section":"Shading Mode"},"sceneLighting":false,"audioPlay":false,"sceneViewState":{"m_AlwaysRefresh":false,"showFog":true,"showSkybox":false,"showFlares":true,"showImageEffects":true,"showParticleSystems":true,"showVisualEffectGraphs":true,"m_FxEnabled":true},"in2DMode":false,"pivot":{"x":9.843015670776368,"y":-3.6454639434814455,"z":-0.062153518199920657},"rotation":{"x":0.12130957841873169,"y":0.7197237014770508,"z":-0.12928715348243714,"w":0.671501636505127},"size":5.759246349334717,"orthographic":false}