{"cameraMode":{"drawMode":0,"name":"Shaded","section":"Shading Mode"},"sceneLighting":false,"audioPlay":false,"sceneViewState":{"m_AlwaysRefresh":false,"showFog":true,"showSkybox":false,"showFlares":true,"showImageEffects":true,"showParticleSystems":true,"showVisualEffectGraphs":true,"m_FxEnabled":true},"in2DMode":false,"pivot":{"x":1.6581311225891114,"y":4.557455539703369,"z":1.9559924602508546},"rotation":{"x":0.05518201366066933,"y":-0.9311292767524719,"z":0.1587999314069748,"w":0.32397302985191347},"size":1.1458629369735718,"orthographic":false}