{"cameraMode":{"drawMode":0,"name":"Shaded","section":"Shading Mode"},"sceneLighting":false,"audioPlay":false,"sceneViewState":{"m_AlwaysRefresh":false,"showFog":true,"showSkybox":false,"showFlares":true,"showImageEffects":true,"showParticleSystems":true,"showVisualEffectGraphs":true,"m_FxEnabled":true},"in2DMode":false,"pivot":{"x":-1.3453432321548463,"y":-11.362227439880371,"z":10.37540054321289},"rotation":{"x":-0.4760796129703522,"y":0.020347917452454568,"z":-0.010636507533490658,"w":-0.8793734312057495},"size":15.498246192932129,"orthographic":false}