{"cameraMode":{"drawMode":0,"name":"Shaded","section":"Shading Mode"},"sceneLighting":false,"audioPlay":false,"sceneViewState":{"m_AlwaysRefresh":false,"showFog":true,"showSkybox":false,"showFlares":true,"showImageEffects":true,"showParticleSystems":true,"showVisualEffectGraphs":true,"m_FxEnabled":true},"in2DMode":false,"pivot":{"x":32.80436706542969,"y":4.178215503692627,"z":24.018829345703126},"rotation":{"x":0.0013252286007627845,"y":0.43090441823005679,"z":-0.001390695571899414,"w":0.9028452634811401},"size":20.099376678466798,"orthographic":false}