{"cameraMode":{"drawMode":0,"name":"Shaded","section":"Shading Mode"},"sceneLighting":false,"audioPlay":false,"sceneViewState":{"m_AlwaysRefresh":false,"showFog":true,"showSkybox":false,"showFlares":true,"showImageEffects":true,"showParticleSystems":true,"showVisualEffectGraphs":true,"m_FxEnabled":true},"in2DMode":false,"pivot":{"x":3.1805522441864015,"y":2.7471165657043459,"z":0.024498850107192994},"rotation":{"x":-0.1127292737364769,"y":0.7523613572120667,"z":-0.13616988062858582,"w":-0.6355701088905335},"size":0.262603759765625,"orthographic":false}