{"cameraMode":{"drawMode":0,"name":"Shaded","section":"Shading Mode"},"sceneLighting":false,"audioPlay":false,"sceneViewState":{"m_AlwaysRefresh":false,"showFog":true,"showSkybox":false,"showFlares":true,"showImageEffects":true,"showParticleSystems":true,"showVisualEffectGraphs":true,"m_FxEnabled":true},"in2DMode":false,"pivot":{"x":8.33609390258789,"y":3.277186870574951,"z":47.580535888671878},"rotation":{"x":-0.006027484778314829,"y":0.9938453435897827,"z":-0.11793393641710282,"w":-0.024978287518024446},"size":2.820072889328003,"orthographic":false}