{"cameraMode":{"drawMode":0,"name":"Shaded","section":"Shading Mode"},"sceneLighting":false,"audioPlay":false,"sceneViewState":{"m_AlwaysRefresh":false,"showFog":true,"showSkybox":false,"showFlares":true,"showImageEffects":true,"showParticleSystems":true,"showVisualEffectGraphs":true,"m_FxEnabled":true},"in2DMode":false,"pivot":{"x":0.16805267333984376,"y":1.317427635192871,"z":-0.09485515207052231},"rotation":{"x":-0.41717976331710818,"y":0.5672027468681336,"z":-0.4063129723072052,"w":-0.5823773741722107},"size":1.7320513725280762,"orthographic":false}