{"cameraMode":{"drawMode":0,"name":"Shaded","section":"Shading Mode"},"sceneLighting":false,"audioPlay":false,"sceneViewState":{"m_AlwaysRefresh":false,"showFog":true,"showSkybox":false,"showFlares":true,"showImageEffects":true,"showParticleSystems":true,"showVisualEffectGraphs":true,"m_FxEnabled":true},"in2DMode":false,"pivot":{"x":0.2371252179145813,"y":1.3414922952651978,"z":-0.04957282915711403},"rotation":{"x":0.4331122934818268,"y":-0.5578903555870056,"z":0.4299842119216919,"w":0.5624744892120361},"size":1.7320512533187867,"orthographic":false}